1.aardvark;
2.meteor;
3.number;
4.rate;
5.steeple;
;
1.omelet;
2.struggle;
3.medicine;
4.steps;
5.hellcat;
;
1.pantologist;
2.person;
3.glad;
4.hourglass;
5.efficacy;
;
1.tennis;
2.balloon;
3.wampum;
4.division;
5.girl;
;
1.junker;
2.shootdown;
3.snakebite;
4.make;
5.kayak;
;
1.mortgage;
2.governor;
3.trigonometry;
4.squatter;
5.bedroom;
;
1.ferryboat;
2.blinker;
3.pharmacist;
4.aluminum;
5.fulfillment;
;
1.sponge;
2.vision;
3.sense;
4.casino;
5.sushi;
;
1.wife;
2.joey;
3.silk;
4.singer;
5.intention;
;
1.loyalty;
2.set;
3.pound;
4.bunkhouse;
5.recorder;
;
1.peer-to-peer;
2.neologism;
3.cathedral;
4.marketing;
5.vagrant;
;
1.sample;
2.luncheonette;
3.breakfast;
4.harm;
5.dinosaur;
;
1.colonisation;
2.secretariat;
3.reveal;
4.ink;
5.court;
;
1.mosque;
2.career;
3.alpenhorn;
4.eyelashes;
5.packet;
;
1.cereal;
2.output;
3.creature;
4.pacemaker;
5.gloves;
;
1.usher;
2.tile;
3.preparation;
4.impulse;
5.former;
;
1.oval;
2.hotel;
3.tights;
4.pull;
5.boudoir;
;
1.barbeque;
2.weapon;
3.plywood;
4.piety;
5.politics;
;
1.clarinet;
2.cornerstone;
3.forever;
4.cancer;
5.rubber;
;
1.evening;
2.ordination;
3.freeze;
4.eyestrain;
5.motor;
;
1.article;
2.hovel;
3.patriarch;
4.world;
5.volleyball;
;
1.boy;
2.piece;
3.copywriter;
4.patrol;
5.chief;
;
1.yoga;
2.negotiation;
3.depth;
4.hardware;
5.invoice;
;
1.jot;
2.dealer;
3.chef;
4.fiber;
5.bronchitis;
;
1.port;
2.pine;
3.examination;
4.cart;
5.sensitive;
;
1.condition;
2.veldt;
3.function;
4.plate;
5.soprano;
;
1.airbus;
2.border;
3.pansy;
4.stag;
5.popsicle;
;
1.boot;
2.week;
3.whirlwind;
4.tabby;
5.jacket;
;
1.line;
2.whiskey;
3.balalaika;
4.opium;
5.income;
;
1.rhyme;
2.aluminium;
3.ashram;
4.hurry;
5.drive;
;
1.win;
2.bust;
3.format;
4.education;
5.ketch;
;
1.burlesque;
2.processing;
3.excitement;
4.tailspin;
5.hard-hat;
;
1.trade;
2.bassinet;
3.cousin;
4.proof;
5.monkey;
;
1.moon;
2.sun;
3.director;
4.lily;
5.lycra;
;
1.townhouse;
2.bongo;
3.translation;
4.music-making;
5.bird-watcher;
;
1.trust;
2.downforce;
3.excuse;
4.advertising;
5.pocketbook;
;
1.statistic;
2.cape;
3.petal;
4.ray;
5.starter;
;
1.duty;
2.diploma;
3.coffee;
4.gray;
5.nickel;
;
1.midwife;
2.choker;
3.speed;
4.furnace;
5.acrylic;
;
1.cell;
2.potato;
3.mother-in-law;
4.disk;
5.quart;
;
1.restaurant;
2.duplexer;
3.walker;
4.hook;
5.deficit;
;
1.sailor;
2.mustache;
3.grape;
4.nougat;
5.therapist;
;
1.mouth;
2.pear;
3.credit;
4.tenement;
5.vest;
;
1.practice;
2.igloo;
3.impression;
4.step-grandmother;
5.punishment;
;
1.bull;
2.science;
3.snowman;
4.handlebar;
5.graph;
;
1.porthole;
2.tam;
3.delete;
4.negative;
5.estate;
;
1.tam-o'-shanter;
2.wash;
3.node;
4.regulation;
5.pith;
;
1.leash;
2.manservant;
3.virtue;
4.cuckoo;
5.performance;
;
1.grandfather;
2.hello;
3.pail;
4.orangutan;
5.journey;
;
1.alphabet;
2.jar;
3.elm;
4.rawhide;
5.place;
;
1.dungarees;
2.eagle;
3.paddle;
4.route;
5.hit;
;
1.tabernacle;
2.cargo;
3.bracelet;
4.egghead;
5.bog;
;
1.motion;
2.folder;
3.note;
4.middle;
5.mule;
;
1.archaeology;
2.wax;
3.pickle;
4.expert;
5.homework;
;
1.crayon;
2.thermometer;
3.castanet;
4.fruit;
5.hospitality;
;
1.withdrawal;
2.diction;
3.slash;
4.mark;
5.quarter;
;
1.image;
2.bower;
3.bough;
4.train;
5.flute;
;
1.range;
2.jail;
3.zoo;
4.start;
5.ceramic;
;
1.tin;
2.suppression;
3.arrow;
4.chill;
5.lighting;
;
1.ox;
2.chronometer;
3.cactus;
4.septicaemia;
5.step-son;
;
1.summer;
2.sleet;
3.handicap;
4.motel;
5.cash;
;
1.hacksaw;
2.aquifer;
3.beanstalk;
4.wire;
5.puffin;
;
1.game;
2.inflammation;
3.hearthside;
4.redesign;
5.babushka;
;
1.sunglasses;
2.friend;
3.whereas;
4.algebra;
5.street;
;
1.cucumber;
2.agenda;
3.scene;
4.fortnight;
5.utensil;
;
1.replication;
2.rowboat;
3.classic;
4.fifth;
5.luggage;
;
1.knuckle;
2.bait;
3.fiddle;
4.congressperson;
5.clue;
;
1.alpenglow;
2.shoulder;
3.internet;
4.crest;
5.swimming;
;
1.fishery;
2.trove;
3.organ;
4.queen;
5.objective;
;
1.applewood;
2.shampoo;
3.choice;
4.leadership;
5.pancake;
;
1.baboon;
2.nail;
3.punch;
4.cynic;
5.yacht;
;
1.turret;
2.discount;
3.overcoat;
4.pounding;
5.maracas;
;
1.suit;
2.normal;
3.rubbish;
4.warlock;
5.escape;
;
1.millimeter;
2.great;
3.cot;
4.cormorant;
5.creche;
;
1.colon;
2.cracker;
3.vacation;
4.mother;
5.rhythm;
;
1.index;
2.laborer;
3.weasel;
4.crop;
5.preface;
;
1.desert;
2.bladder;
3.bandanna;
4.ball;
5.horror;
;
1.kneejerk;
2.error;
3.public;
4.gazelle;
5.maybe;
;
1.angora;
2.stranger;
3.bay;
4.road;
5.poverty;
;
1.jute;
2.inflation;
3.postbox;
4.mariachi;
5.orchestra;
;
1.thigh;
2.raspberry;
3.wren;
4.jam;
5.injustice;
;
1.platinum;
2.title;
3.dimension;
4.carport;
5.ambition;
;
1.crown;
2.sampan;
3.tambourine;
4.exit;
5.timpani;
;
1.perp;
2.eyelids;
3.spine;
4.lounge;
5.participant;
;
1.abacus;
2.sweatshirt;
3.doe;
4.heron;
5.signet;
;
1.tavern;
2.collision;
3.vestment;
4.prize;
5.kidneys;
;
1.country;
2.ship;
3.vast;
4.crude;
5.reprocessing;
;
1.tailor;
2.derrick;
3.estrogen;
4.cougar;
5.visitor;
;
1.loincloth;
2.jellyfish;
3.anime;
4.rainbow;
5.coonskin;
;
1.chandelier;
2.hemp;
3.report;
4.gap;
5.personality;
;
1.interpreter;
2.counter;
3.colony;
4.night;
5.sleuth;
;
1.sugar;
2.rooster;
3.bunch;
4.porter;
5.log;
;
1.double;
2.capital;
3.climate;
4.reach;
5.question;
;
1.international;
2.monocle;
3.standard;
4.contract;
5.c-clamp;
;
1.knickers;
2.cake;
3.footnote;
4.underwire;
5.apparel;
;
1.scent;
2.room;
3.round;
4.bolero;
5.timeline;
;
1.coverall;
2.birth;
3.router;
4.midi;
5.requirement;
;
1.neuropathologist;
2.attendant;
3.walk;
4.cord;
5.ease;
;
1.dulcimer;
2.danger;
3.poster;
4.basin;
5.alder;
;
1.mini;
2.truth;
3.police;
4.sport;
5.she;
;
1.witness;
2.dress;
3.quantity;
4.cocktail;
5.bass;
;
1.listen;
2.kingfish;
3.necklace;
4.whole;
5.shield;
;
1.sycamore;
2.crab;
3.waitress;
4.initial;
5.culvert;
;
1.tablecloth;
2.vein;
3.lake;
4.unique;
5.raven;
;
1.kiss;
2.passage;
3.rack;
4.swim;
5.lava;
;
1.eave;
2.stencil;
3.still;
4.comprehension;
5.pad;
;
1.season;
2.airbag;
3.wet-bar;
4.flanker;
5.substance;
;
1.cent;
2.wingtip;
3.women;
4.justice;
5.rutabaga;
;
1.laugh;
2.acknowledgment;
3.peen;
4.dishes;
5.fun;
;
1.hamster;
2.carpet;
3.hire;
4.sound;
5.effort;
;
1.commerce;
2.ground;
3.lipstick;
4.butane;
5.crib;
;
1.windscreen;
2.boss;
3.gymnastics;
4.moth;
5.weird;
;
1.fir;
2.waistband;
3.shirt;
4.toad;
5.fear;
;
1.grenade;
2.billboard;
3.elongation;
4.secure;
5.cup;
;
1.trinket;
2.capon;
3.face;
4.bagel;
5.reinscription;
;
1.airforce;
2.agency;
3.mansion;
4.scrip;
5.emu;
;
1.celsius;
2.tankful;
3.bifocals;
4.demur;
5.blowgun;
;
1.pond;
2.smile;
3.debate;
4.honey;
5.heartwood;
;
1.rule;
2.mint;
3.spend;
4.styling;
5.gemsbok;
;
1.release;
2.bootie;
3.disposer;
4.destruction;
5.canvas;
;
1.notoriety;
2.balaclava;
3.jumbo;
4.digger;
5.inside;
;
1.lyric;
2.pressroom;
3.hurt;
4.psychoanalyst;
5.store;
;
1.drizzle;
2.genetics;
3.speakerphone;
4.cobweb;
5.limo;
;
1.blazer;
2.pizza;
3.pudding;
4.convertible;
5.sepal;
;
1.semicolon;
2.premeditation;
3.diarist;
4.cloudburst;
5.gander;
;
1.beat;
2.nightingale;
3.affair;
4.dock;
5.tenor;
;
1.future;
2.caption;
3.condor;
4.series;
5.instrument;
;
1.tribe;
2.atrium;
3.silly;
4.lace;
5.bengal;
;
1.look;
2.tanker;
3.enigma;
4.knife-edge;
5.naming;
;
1.voyage;
2.clerk;
3.permit;
4.judge;
5.arithmetic;
;
1.hold;
2.minion;
3.liner;
4.cherry;
5.mare;
;
1.cattle;
2.premier;
3.phone;
4.mass;
5.cancel;
;
1.facet;
2.virus;
3.column;
4.candidate;
5.timeout;
;
1.native;
2.measure;
3.inn;
4.tool;
5.tandem;
;
1.birdhouse;
2.silver;
3.refuse;
4.syndicate;
5.green;
;
1.bondsman;
2.timer;
3.hide;
4.professional;
5.jodhpurs;
;
1.pupa;
2.neck;
3.failure;
4.sale;
5.anteater;
;
1.pavilion;
2.reputation;
3.dance;
4.schooner;
5.chick;
;
1.sideburns;
2.entry;
3.volume;
4.cupola;
5.inscription;
;
1.legume;
2.notebook;
3.video;
4.structure;
5.mirror;
;
1.innocence;
2.bore;
3.version;
4.pancreas;
5.music-box;
;
1.suck;
2.soot;
3.chauffeur;
4.tomato;
5.soccer;
;
1.blackfish;
2.chemistry;
3.bonus;
4.patient;
5.great-grandfather;
;
1.baseball;
2.two;
3.helmet;
4.ikebana;
5.diadem;
;
1.religion;
2.ripple;
3.enjoyment;
4.bush;
5.football;
;
1.hydrogen;
2.force;
3.gosling;
4.maniac;
5.collection;
;
1.step-brother;
2.group;
3.margin;
4.trunk;
5.precedent;
;
1.osmosis;
2.validity;
3.bottle;
4.surprise;
5.body;
;
1.information;
2.balance;
3.factor;
4.blight;
5.cupcake;
;
1.cylinder;
2.overflight;
3.stamina;
4.apse;
5.lung;
;
1.albatross;
2.litter;
3.photographer;
4.beak;
5.media;
;
1.departure;
2.appointment;
3.sculpting;
4.canopy;
5.gastropod;
;
1.agent;
2.lack;
3.buggy;
4.wingman;
5.page;
;
1.dear;
2.garage;
3.halibut;
4.epoxy;
5.chin;
;
1.spirit;
2.peanut;
3.sleep;
4.lab;
5.worthy;
;
1.bathhouse;
2.essay;
3.shallot;
4.sister;
5.beauty;
;
1.dark;
2.pressure;
3.geometry;
4.decade;
5.patina;
;
1.plow;
2.trombone;
3.loft;
4.stove;
5.laughter;
;
1.mime;
2.hippodrome;
3.dumbwaiter;
4.source;
5.quote;
;
1.revolve;
2.harmonica;
3.fortune;
4.speech;
5.freckle;
;
1.triangle;
2.gratitude;
3.attenuation;
4.reward;
5.flax;
;
1.typhoon;
2.snuggle;
3.determination;
4.wood;
5.gherkin;
;
1.tinkle;
2.thinking;
3.eel;
4.butter;
5.wrong;
;
1.degree;
2.crotch;
3.veranda;
4.tendency;
5.curl;
;
1.forestry;
2.profession;
3.glasses;
4.bandolier;
5.representative;
;
1.buckle;
2.passion;
3.diving;
4.cappelletti;
5.eyelid;
;
1.cymbals;
2.sibling;
3.classroom;
4.leisure;
5.imprisonment;
;
1.edward;
2.empowerment;
3.taxicab;
4.stallion;
5.flugelhorn;
;
1.revolver;
2.lecture;
3.mine;
4.upstairs;
5.console;
;
1.patio;
2.metal;
3.supermarket;
4.underwear;
5.fleck;
;
1.centurion;
2.waterfall;
3.yellow;
4.racing;
5.independent;
;
1.radio;
2.bed;
3.outhouse;
4.eat;
5.poncho;
;
1.chalice;
2.haversack;
3.psychology;
4.canteen;
5.gearshift;
;
1.operation;
2.bow;
3.ginseng;
4.waffle;
5.theism;
;
1.beetle;
2.waterbed;
3.men;
4.willow;
5.dolman;
;
1.centimeter;
2.novel;
3.habit;
4.neat;
5.while;
;
1.diver;
2.doctor;
3.in-joke;
4.wear;
5.grouse;
;
1.defense;
2.teeth;
3.letter;
4.radar;
5.equal;
;
1.galoshes;
2.thaw;
3.macaroni;
4.anorak;
5.parachute;
;
1.feast;
2.family;
3.trellis;
4.watch;
5.circle;
;
1.automaton;
2.ticket;
3.derby;
4.fang;
5.icicle;
;
1.tell;
2.brassiere;
3.flavor;
4.linseed;
5.riddle;
;
1.glue;
2.mammoth;
3.pannier;
4.rage;
5.term;
;
1.contrail;
2.finance;
3.pearl;
4.possibility;
5.tachometer;
;
1.measles;
2.center;
3.strength;
4.apparatus;
5.rag;
;
1.election;
2.adrenalin;
3.instrumentalist;
4.galn;
5.angle;
;
1.management;
2.miscarriage;
3.trapdoor;
4.fountain;
5.blow;
;
1.leg;
2.gymnast;
3.angiosperm;
4.finger;
5.titanium;
;
1.panic;
2.advance;
3.dragonfly;
4.program;
5.bugle;
;
1.dwelling;
2.psychiatrist;
3.mask;
4.vehicle;
5.go-kart;
;
1.accompanist;
2.crook;
3.ingrate;
4.offer;
5.nonbeliever;
;
1.spread;
2.wallaby;
3.tote;
4.alibi;
5.pocket;
;
1.humour;
2.snowflake;
3.primate;
4.linen;
5.phase;
;
1.feature;
2.anywhere;
3.shoes;
4.husband;
5.wrinkle;
;
1.lout;
2.giraffe;
3.protection;
4.sled;
5.board;
;
1.insurgence;
2.cross-contamination;
3.hammock;
4.panties;
5.tear;
;
1.team;
2.faith;
3.guitarist;
4.window;
5.swath;
;
1.gender;
2.trapezium;
3.mattress;
4.mathematics;
5.butcher;
;
1.tray;
2.sphere;
3.waterskiing;
4.astrologer;
5.trainer;
;
1.bulb;
2.armament;
3.breast;
4.cliff;
5.evocation;
;
1.goldfish;
2.decision;
3.verve;
4.mode;
5.electrocardiogram;
;
1.chest;
2.necessary;
3.teach;
4.occupation;
5.icon;
;
1.cyst;
2.togs;
3.need;
4.chess;
5.celery;
;
1.planet;
2.feet;
3.humidity;
4.parable;
5.beneficiary;
;
1.fowl;
2.tooth;
3.decrease;
4.aside;
5.hornet;
;
1.baobab;
2.loggia;
3.baritone;
4.toga;
5.coke;
;
1.rich;
2.horse;
3.thong;
4.comb;
5.poof;
;
1.ratio;
2.luttuce;
3.expansionism;
4.zinc;
5.account;
;
1.frame;
2.observation;
3.jealousy;
4.philosopher;
5.action;
;
1.playground;
2.fairies;
3.precipitation;
4.connection;
5.orchid;
;
1.ephemera;
2.guidance;
3.drop;
4.patch;
5.cytoplasm;
;
1.temporariness;
2.loaf;
3.honoree;
4.fuel;
5.trowel;
;
1.in-laws;
2.homonym;
3.weather;
4.fondue;
5.boots;
;
1.pink;
2.finisher;
3.picture;
4.soulmate;
5.piss;
;
1.guest;
2.grassland;
3.zoology;
4.wombat;
5.imagination;
;
1.recruit;
2.tyvek;
3.peace;
4.snorer;
5.discipline;
;
1.whirlpool;
2.monastery;
3.temper;
4.vise;
5.scarf;
;
1.bubble;
2.puma;
3.divider;
4.feeling;
5.birch;
;
1.cenotaph;
2.amusement;
3.dash;
4.carriage;
5.dictionary;
;
1.lunchroom;
2.SUV;
3.seaside;
4.volcano;
5.bun;
;
1.breeze;
2.netball;
3.noodle;
4.twister;
5.rocket;
;
1.unibody;
2.step-uncle;
3.badge;
4.twilight;
5.obi;
;
1.wisteria;
2.grey;
3.settler;
4.geology;
5.corruption;
;
1.census;
2.comic;
3.pinecone;
4.thought;
5.subsidence;
;
1.advantage;
2.blue;
3.pain;
4.needle;
5.gift;
;
1.dart;
2.circumference;
3.stupid;
4.bangle;
5.distributor;
;
1.jockey;
2.building;
3.karen;
4.innervation;
5.lightning;
;
1.wind;
2.string;
3.kielbasa;
4.district;
5.guilt;
;
1.customer;
2.bank;
3.polyester;
4.fish;
5.stretch;
;
1.random;
2.gerbil;
3.analgesia;
4.garbage;
5.plantation;
;
1.paperback;
2.tortoise;
3.pig;
4.relationship;
5.eyelash;
;
1.evidence;
2.bronco;
3.spot;
4.gun;
5.seeder;
;
1.guy;
2.dream;
3.explanation;
4.randomisation;
5.apology;
;
1.mixture;
2.revenge;
3.broiler;
4.manager;
5.quality;
;
1.plover;
2.patrimony;
3.ape;
4.brain;
5.presence;
;
1.abroad;
2.map;
3.guitar;
4.vixen;
5.lyre;
;
1.friction;
2.committee;
3.foot;
4.stew;
5.stay;
;
1.patience;
2.credenza;
3.enquiry;
4.bike;
5.market;
;
1.dollar;
2.crazy;
3.advancement;
4.angstrom;
5.dipstick;
;
1.caution;
2.batter;
3.living;
4.bathrobe;
5.funny;
;
1.children;
2.bakery;
3.missile;
4.toothbrush;
5.seat;
;
1.tattoo;
2.thirst;
3.chance;
4.fatigues;
5.congress;
;
1.ram;
2.hood;
3.high-rise;
4.maintenance;
5.flight;
;
1.sex;
2.hedgehog;
3.rubric;
4.godmother;
5.trooper;
;
1.anything;
2.flock;
3.theme;
4.booklet;
5.government;
;
1.swallow;
2.pocket-watch;
3.profit;
4.complaint;
5.worker;
;
1.tractor;
2.sandals;
3.nature;
4.freon;
5.leaker;
;
1.pentagon;
2.gate;
3.fresco;
4.microlending;
5.difference;
;
1.lark;
2.consent;
3.preoccupation;
4.llama;
5.doubter;
;
1.stopsign;
2.grandson;
3.cherries;
4.curio;
5.attraction;
;
1.newsstand;
2.web;
3.acid;
4.ornament;
5.cloudy;
;
1.outside;
2.claim;
3.bin;
4.printer;
5.recliner;
;
1.organization;
2.washtub;
3.life;
4.situation;
5.elephant;
;
1.squeegee;
2.methane;
3.harp;
4.tuba;
5.harpooner;
;
1.luck;
2.disconnection;
3.synergy;
4.apron;
5.gall-bladder;
;
1.hexagon;
2.abuse;
3.decryption;
4.exclamation;
5.museum;
;
1.studio;
2.perch;
3.freighter;
4.hyphenation;
5.female;
;
1.mousse;
2.tale;
3.section;
4.valance;
5.thunder;
;
1.gateway;
2.washer;
3.bather;
4.shop;
5.princess;
;
1.positive;
2.cultivar;
3.death;
4.course;
5.chrome;
;
1.roller;
2.trash;
3.ecliptic;
4.kid;
5.inevitable;
;
1.composition;
2.landscape;
3.control;
4.maraca;
5.house;
;
1.cartridge;
2.wheat;
3.elevator;
4.bicycle;
5.soil;
;
1.bra;
2.charm;
3.shadow;
4.employment;
5.decongestant;
;
1.bellows;
2.armoire;
3.help;
4.hacienda;
5.bricklaying;
;
1.syrup;
2.mortise;
3.honesty;
4.object;
5.tv;
;
1.seal;
2.whip;
3.outback;
4.tunic;
5.tummy;
;
1.dashboard;
2.population;
3.demand;
4.cribbage;
5.asparagus;
;
1.administration;
2.peer;
3.trouble;
4.half;
5.property;
;
1.gauntlet;
2.quill;
3.slope;
4.obesity;
5.radiator;
;
1.village;
2.offence;
3.thistle;
4.pile;
5.screwdriver;
;
1.forecast;
2.poetry;
3.dust;
4.brow;
5.extent;
;
1.coevolution;
2.outcome;
3.guestbook;
4.frustration;
5.rocker;
;
1.maid;
2.potential;
3.knee;
4.cave;
5.abdomen;
;
1.cigarette;
2.bassoon;
3.basket;
4.dinner;
5.co-producer;
;
1.blood;
2.countess;
3.olive;
4.stud;
5.rank;
;
1.size;
2.chasuble;
3.chemical;
4.finding;
5.opposite;
;
1.reliability;
2.platypus;
3.relish;
4.millisecond;
5.snake;
;
1.ankle;
2.karate;
3.banana;
4.touch;
5.big-rig;
;
1.average;
2.safe;
3.application;
4.head;
5.inlay;
;
1.cleaner;
2.spade;
3.bribery;
4.poignance;
5.softdrink;
;
1.melody;
2.tangerine;
3.resolve;
4.musculature;
5.hamaki;
;
1.hedge;
2.gamebird;
3.quail;
4.local;
5.forebear;
;
1.television;
2.sweater;
3.chart;
4.protest;
5.pride;
;
1.archer;
2.close;
3.step;
4.linguistics;
5.cashier;
;
1.camp;
2.form;
3.typewriter;
4.dahlia;
5.passbook;
;
1.driver;
2.prosecution;
3.fight;
4.breakpoint;
5.jumpsuit;
;
1.walnut;
2.detective;
3.consideration;
4.sweet;
5.peach;
;
1.ladybug;
2.satellite;
3.thread;
4.formal;
5.college;
;
1.manner;
2.nightgown;
3.facsimile;
4.sloth;
5.contest;
;
1.if;
2.hoof;
3.disaster;
4.whorl;
5.dynamo;
;
1.gasoline;
2.sick;
3.priesthood;
4.firewall;
5.poisoning;
;
1.script;
2.rethinking;
3.table;
4.castanets;
5.zephyr;
;
1.sundial;
2.frazzle;
3.hurdler;
4.attack;
5.kite;
;
1.impact;
2.latex;
3.morsel;
4.clave;
5.pamphlet;
;
1.individual;
2.sunroom;
3.tunnel;
4.park;
5.saw;
;
1.grouper;
2.e-reader;
3.hatchet;
4.telescreen;
5.smog;
;
1.puddle;
2.flatboat;
3.corridor;
4.banker;
5.music;
;
1.sword;
2.computer;
3.traditionalism;
4.right;
5.type;
;
1.fee;
2.pitch;
3.clip;
4.regular;
5.chocolate;
;
1.thrush;
2.rotate;
3.ballpark;
4.latte;
5.blister;
;
1.glove;
2.suffocation;
3.repeat;
4.mood;
5.nasty;
;
1.engineer;
2.fine;
3.worm;
4.salon;
5.mukluk;
;
1.euphonium;
2.pinkie;
3.mission;
4.monger;
5.kind;
;
1.backbone;
2.tiara;
3.brand;
4.request;
5.deadline;
;
1.artificer;
2.wannabe;
3.timbale;
4.period;
5.fighter;
;
1.fax;
2.relief;
3.boundary;
4.neuropsychiatry;
5.judgment;
;
1.salary;
2.song;
3.deodorant;
4.egg;
5.tune-up;
;
1.chair;
2.yard;
3.fanny;
4.litigation;
5.flash;
;
1.beanie;
2.database;
3.quince;
4.republic;
5.grandmom;
;
1.equipment;
2.reason;
3.show-stopper;
4.soap;
5.quiver;
;
1.cow;
2.exercise;
3.west;
4.whale;
5.earmuffs;
;
1.purpose;
2.clutch;
3.hunger;
4.fishing;
5.kazoo;
;
1.plier;
2.ry;
3.story-telling;
4.opera;
5.teller;
;
1.larder;
2.crate;
3.bunghole;
4.sharon;
5.brook;
;
1.ladder;
2.inspection;
3.strain;
4.external;
5.cardigan;
;
1.warning;
2.kick;
3.replacement;
4.bear;
5.dramaturge;
;
1.tabletop;
2.responsibility;
3.fedelini;
4.clockwork;
5.underneath;
;
1.hyena;
2.level;
3.frost;
4.;
5.shoe;
;
1.conductor;
2.ironclad;
3.many;
4.belly;
5.shoelace;
;
1.loan;
2.transport;
3.skylight;
4.carotene;
5.refund;
;
1.rainmaker;
2.misreading;
3.puppy;
4.lamb;
5.foundation;
;
1.sweets;
2.particular;
3.hose;
4.council;
5.hardening;
;
1.sculpture;
2.harmony;
3.aggression;
4.appliance;
5.eye;
;
1.barge;
2.crush;
3.stinger;
4.license;
5.bosom;
;
1.loafer;
2.assignment;
3.uncle;
4.crow;
5.nitrogen;
;
1.tram;
2.affect;
3.fringe;
4.judo;
5.tube;
;
1.megaliac;
2.athletics;
3.tackle;
4.love;
5.appeal;
;
1.deal;
2.cafe;
3.creditor;
4.neon;
5.mastication;
;
1.brick;
2.surface;
3.dump truck;
4.shrimp;
5.ambulance;
;
1.pumpkin;
2.handle;
3.knowledge;
4.zipper;
5.daybed;
;
1.shape;
2.noise;
3.cultivator;
4.rush;
5.kohlrabi;
;
1.cuticle;
2.roadway;
3.pajama;
4.stamp;
5.crowd;
;
1.vegetarianism;
2.carbon;
3.tugboat;
4.swordfish;
5.cupboard;
;
1.yoke;
2.flood;
3.jelly;
4.deposit;
5.beginner;
;
1.usual;
2.warm-up;
3.dentist;
4.recipe;
5.inbox;
;
1.flip-flops;
2.dungeon;
3.transmission;
4.cameo;
5.tadpole;
;
1.macrofauna;
2.castle;
3.marble;
4.evolution;
5.parchment;
;
1.element;
2.hoe;
3.lamp;
4.story;
5.fisherman;
;
1.fanny-pack;
2.way;
3.dirndl;
4.toothpick;
5.kill;
;
1.sow;
2.indigence;
3.equinox;
4.shofar;
5.cabin;
;
1.kettledrum;
2.boatyard;
3.quiet;
4.headline;
5.activity;
;
1.magazine;
2.age;
3.methodology;
4.split;
5.barbiturate;
;
1.back;
2.tinderbox;
3.piccolo;
4.study;
5.pen;
;
1.chalet;
2.ability;
3.tongue;
4.unit;
5.anthropology;
;
1.draft;
2.colloquia;
3.theory;
4.promise;
5.calm;
;
1.british;
2.grease;
3.sari;
4.model;
5.complement;
;
1.handmaiden;
2.law;
3.cassock;
4.watchmaker;
5.subconscious;
;
1.polo;
2.target;
3.gown;
4.purple;
5.trial;
;
1.tornado;
2.check;
3.following;
4.shell;
5.welcome;
;
1.saddle;
2.barracks;
3.exchange;
4.sand;
5.maelstrom;
;
1.allergist;
2.wastebasket;
3.violet;
4.overshoot;
5.bungalow;
;
1.midline;
2.footstool;
3.editorial;
4.disarmament;
5.dirt;
;
1.chip;
2.spectacles;
3.sympathy;
4.wonder;
5.second;
;
1.shame;
2.loss;
3.bathtub;
4.mower;
5.jewelry;
;
1.insect;
2.housework;
3.consul;
4.copyright;
5.forest;
;
1.garment;
2.chipmunk;
3.penalty;
4.hurricane;
5.raw;
;
1.dilapidation;
2.argument;
3.fat;
4.conversation;
5.socks;
;
1.midnight;
2.walkway;
3.deathwatch;
4.bell;
5.freedom;
;
1.working;
2.onion;
3.donkey;
4.campanile;
5.net;
;
1.satisfaction;
2.access;
3.confusion;
4.hang;
5.chive;
;
1.test;
2.peak;
3.drawing;
4.vaulting;
5.cycle;
;
1.remove;
2.fan;
3.brief;
4.use;
5.governance;
;
1.latency;
2.pressurisation;
3.factory;
4.cockroach;
5.grasshopper;
;
1.chromolithograph;
2.dot;
3.dancing;
4.craw;
5.radish;
;
1.quotation;
2.screenwriting;
3.freeplay;
4.peripheral;
5.disengagement;
;
1.fawn;
2.technologist;
3.thongs;
4.charlatan;
5.burn;
;
1.heyday;
2.oatmeal;
3.tepee;
4.font;
5.brake;
;
1.almond;
2.nose;
3.scheme;
4.hospital;
5.silence;
;
1.treat;
2.deck;
3.ejector;
4.landform;
5.kitchen;
;
1.nobody;
2.witch-hunt;
3.tune;
4.gondola;
5.okra;
;
1.diner;
2.oar;
3.vacuum;
4.revenant;
5.carload;
;
1.reject;
2.record;
3.dragster;
4.trick;
5.siding;
;
1.pleated;
2.helicopter;
3.servant;
4.conga;
5.stitch;
;
1.stiletto;
2.rabbit;
3.spear;
4.reception;
5.eyebrow;
;
1.sock;
2.toothpaste;
3.popcorn;
4.dory;
5.sitar;
;
1.mister;
2.pop;
3.name;
4.dugout;
5.alternative;
;
1.catsup;
2.greenhouse;
3.ellipse;
4.envy;
5.sailboat;
;
1.university;
2.fingernail;
3.telephone;
4.opening;
5.style;
;
1.pan;
2.pier;
3.eggnog;
4.fireplace;
5.insurance;
;
1.primary;
2.bottling;
3.single;
4.glider;
5.assistance;
;
1.apple;
2.parent;
3.leek;
4.civilisation;
5.taxi;
;
1.wiseguy;
2.load;
3.winter;
4.yak;
5.lye;
;
1.unblinking;
2.idea;
3.boogeyman;
4.contagion;
5.symmetry;
;
1.month;
2.arrival;
3.bulldozer;
4.forehead;
5.push;
;
1.pantsuit;
2.arm;
3.playroom;
4.god;
5.blame;
;
1.foray;
2.past;
3.downtown;
4.interior;
5.citizenship;
;
1.osprey;
2.chairlift;
3.skyscraper;
4.few;
5.niche;
;
1.emphasis;
2.wind-chime;
3.list;
4.dead;
5.weedkiller;
;
1.cub;
2.shin;
3.mind;
4.juggernaut;
5.worth;
;
1.row;
2.ocean;
3.shack;
4.retailer;
5.disadvantage;
;
1.town;
2.celebration;
3.samovar;
4.yam;
5.mud;
;
1.yurt;
2.viola;
3.pipe;
4.will;
5.tub;
;
1.submarine;
2.perception;
3.technology;
4.europe;
5.screw-up;
;
1.leaver;
2.sheep;
3.clothing;
4.rostrum;
5.paintwork;
;
1.shot;
2.chap;
3.sing;
4.portfolio;
5.disco;
;
1.amount;
2.boyfriend;
3.calculus;
4.casement;
5.fascia;
;
1.expansion;
2.grammar;
3.variation;
4.fiberglass;
5.step-aunt;
;
1.frock;
2.prow;
3.alloy;
4.plan;
5.vitality;
;
1.south korea;
2.young;
3.sunshine;
4.process;
5.economics;
;
1.hospice;
2.camel;
3.roof;
4.pot;
5.umbrella;
;
1.deployment;
2.taste;
3.prizefight;
4.screamer;
5.astrolabe;
;
1.raincoat;
2.meter;
3.baggage;
4.percentage;
5.grapefruit;
;
1.motorboat;
2.church;
3.dog;
4.crawdad;
5.puritan;
;
1.tank-top;
2.sardine;
3.wasp;
4.shortage;
5.sectional;
;
1.metronome;
2.yeast;
3.mankind;
4.overnighter;
5.army;
;
1.belt;
2.airline;
3.find;
4.survey;
5.contribution;
;
1.sunflower;
2.pie;
3.atom;
4.denim;
5.encyclopedia;
;
1.shine;
2.biology;
3.grip;
4.liver;
5.grocery;
;
1.scorn;
2.mailman;
3.lawn;
4.cymbal;
5.trout;
;
1.devil;
2.concrete;
3.bitter;
4.hearth;
5.locust;
;
1.sewer;
2.perspective;
3.jeep;
4.pinworm;
5.airport;
;
1.overcharge;
2.footrest;
3.sail;
4.geese;
5.officer;
;
1.belligerency;
2.beverage;
3.reindeer;
4.gain;
5.schoolhouse;
;
1.snow;
2.racism;
3.bread;
4.rake;
5.message;
;
1.lyocell;
2.meaning;
3.tea;
4.rice;
5.suede;
;
1.security;
2.downgrade;
3.shortwave;
4.armor;
5.rivulet;
;
1.cemetery;
2.salad;
3.bit;
4.airfare;
5.lock;
;
1.keep;
2.crash;
3.toy;
4.doll;
5.put;
;
1.swedish;
2.home;
3.mandolin;
4.mastoid;
5.pulley;
;
1.mattock;
2.fishbone;
3.maximum;
4.bowtie;
5.minimum;
;
1.smoking;
2.duffel;
3.tie;
4.washbasin;
5.pension;
;
1.pair;
2.scallion;
3.espalier;
4.pick;
5.scenery;
;
1.ferry;
2.hog;
3.consist;
4.analog;
5.kleenex;
;
1.shower;
2.tremor;
3.top-hat;
4.cause;
5.anguish;
;
1.century;
2.conifer;
3.perfume;
4.buzzard;
5.dibble;
;
1.bar;
2.sweatshop;
3.capitulation;
4.bijou;
5.complex;
;
1.caterpillar;
2.usage;
3.award;
4.boxspring;
5.attachment;
;
1.card;
2.beheading;
3.eggplant;
4.desire;
5.sarong;
;
1.rub;
2.mantle;
3.graphic;
4.chairman;
5.breastplate;
;
1.half-sister;
2.valley;
3.land;
4.input;
5.tom;
;
1.tuxedo;
2.tattler;
3.t-shirt;
4.koala;
5.cap;
;
1.seafood;
2.cowboy;
3.drunk;
4.epauliere;
5.cream;
;
1.owl;
2.shore;
3.migrant;
4.square;
5.mycoplasma;
;
1.evening-wear;
2.divan;
3.basketball;
4.order;
5.magic;
;
1.marriage;
2.ukulele;
3.box;
4.tight;
5.insolence;
;
1.temptress;
2.shirtdress;
3.emery;
4.existence;
5.shears;
;
1.pompom;
2.roundabout;
3.ordinary;
4.people;
5.hyacinth;
;
1.chateau;
2.exposition;
3.joint;
4.channel;
5.challenge;
;
1.cloister;
2.spider;
3.bandana;
4.earrings;
5.artichoke;
;
1.reamer;
2.viscose;
3.internal;
4.war;
5.pavement;
;
1.mangrove;
2.sister-in-law;
3.garb;
4.dedication;
5.fold;
;
1.pint;
2.trim;
3.thunderbolt;
4.wish;
5.sandbar;
;
1.comportment;
2.asterisk;
3.ideal;
4.stable;
5.colt;
;
1.creative;
2.goodie;
3.weed;
4.buffer;
5.sideboard;
;
1.kiosk;
2.wait;
3.conference;
4.gumshoes;
5.off-ramp;
;
1.seagull;
2.harbour;
3.raft;
4.shoehorn;
5.stupidity;
;
1.photo;
2.boat;
3.minibus;
4.ring;
5.dogsled;
;
1.tolerance;
2.transaction;
3.chafe;
4.search;
5.miscommunication;
;
1.runner;
2.gum;
3.brave;
4.blind;
5.switch;
;
1.protocol;
2.behest;
3.read;
4.south america;
5.tussle;
;
1.couple;
2.pusher;
3.cartilage;
4.ex-husband;
5.breath;
;
1.ketchup;
2.subway;
3.polish;
4.skunk;
5.prelude;
;
1.zither;
2.camera;
3.currency;
4.standoff;
5.savings;
;
1.cardboard;
2.context;
3.pelt;
4.gene;
5.astrakhan;
;
1.key;
2.figure;
3.host;
4.bean;
5.hosiery;
;
1.rediscovery;
2.example;
3.fame;
4.document;
5.altitude;
;
1.assist;
2.device;
3.ride;
4.ruckus;
5.parrot;
;
1.shanty;
2.screw;
3.granddaughter;
4.scratch;
5.stress;
;
1.wildlife;
2.cut;
3.skin;
4.niece;
5.dagger;
;
1.architect;
2.zone;
3.condominium;
4.male;
5.panpipe;
;
1.differential;
2.attitude;
3.tough-guy;
4.sourwood;
5.cellar;
;
1.trail;
2.forum;
3.coach;
4.end;
5.leave;
;
1.wrench;
2.heater;
3.ping;
4.nothing;
5.piano;
;
1.recreation;
2.special;
3.select;
4.resource;
5.haunt;
;
1.cello;
2.grab;
3.beam;
4.trumpet;
5.act;
;
1.chino;
2.publisher;
3.component;
4.fixture;
5.stepping-stone;
;
1.lever;
2.oil;
3.research;
4.criteria;
5.temperature;
;
1.platform;
2.antechamber;
3.entertainment;
4.switchboard;
5.abbey;
;
1.athlete;
2.interest;
3.material;
4.gyro;
5.vibration;
;
1.verdict;
2.area;
3.valuable;
4.interaction;
5.waist;
;
1.wave;
2.silica;
3.independence;
4.bet;
5.society;
;
1.batting;
2.gym;
3.cutlet;
4.championship;
5.cone;
;
1.jasmine;
2.vulture;
3.dancer;
4.delivery;
5.stockings;
;
1.mobile;
2.tour;
3.bookcase;
4.hate;
5.setting;
;
1.call;
2.bolt;
3.sturgeon;
4.chronograph;
5.stonework;
;
1.venom;
2.dredger;
3.snowstorm;
4.lacquerware;
5.overexertion;
;
1.movie;
2.atmosphere;
3.pool;
4.height;
5.spectrograph;
;
1.candle;
2.storey;
3.assistant;
4.field;
5.comfortable;
;
1.tree;
2.scissors;
3.ash;
4.locomotive;
5.outlay;
;
1.fundraising;
2.ptarmigan;
3.brochure;
4.cacao;
5.monsoon;
;
1.laparoscope;
2.thunderhead;
3.mice;
4.stock;
5.reality;
;
1.aftermath;
2.lobster;
3.hassock;
4.steamroller;
5.gazebo;
;
1.entrance;
2.examiner;
3.achiever;
4.bull-fighter;
5.chapter;
;
1.desk;
2.tatami;
3.organisation;
4.fort;
5.sign;
;
1.cloak;
2.slide;
3.cover;
4.risk;
5.concert;
;
1.due;
2.attention;
3.clavier;
4.grass;
5.extension;
;
1.high;
2.era;
3.bonnet;
4.machine;
5.spare;
;
1.solid;
2.champion;
3.official;
4.sprout;
5.adult;
;
1.sausage;
2.dishwasher;
3.plasterboard;
4.advertisement;
5.mid-course;
;
1.comparison;
2.hostess;
3.closet;
4.oxygen;
5.give;
;
1.foam;
2.peony;
3.kettle;
4.voice;
5.cope;
;
1.shingle;
2.furniture;
3.chopstick;
4.criticism;
5.western;
;
1.poultry;
2.statement;
3.detainment;
4.jumper;
5.secret;
;
1.panda;
2.major-league;
3.jailhouse;
4.drake;
5.cloud;
;
1.elbow;
2.clasp;
3.experience;
4.being;
5.girdle;
;
1.stem;
2.strawberry;
3.sea;
4.measurement;
5.tortellini;
;
1.beggar;
2.rain;
3.napkin;
4.cradle;
5.server;
;
1.stance;
2.star;
3.smoke;
4.introduction;
5.surgery;
;
1.mix;
2.aid;
3.squid;
4.design;
5.pass;
;
1.ecclesia;
2.anxiety;
3.notify;
4.quicksand;
5.virginal;
;
1.custard;
2.wholesale;
3.soybean;
4.sphynx;
5.waste;
;
1.inventory;
2.orange;
3.parcel;
4.fill;
5.implement;
;
1.duster;
2.swing;
3.clothes;
4.strap;
5.subroutine;
;
1.octopus;
2.barn;
3.filth;
4.tomorrow;
5.columnist;
;
1.lesson;
2.stick;
3.conspirator;
4.chard;
5.gauge;
;
1.lisa;
2.ostrich;
3.cottage;
4.jump;
5.brother-in-law;
;
1.creme brulee;
2.drummer;
3.wrap;
4.bomber;
5.cockpit;
;
1.lift;
2.vanity;
3.lobotomy;
4.captain;
5.safety;
;
1.bumper;
2.birdbath;
3.inglenook;
4.cork;
5.flare;
;
1.criterion;
2.sunbeam;
3.shoot;
4.woolen;
5.fleece;
;
1.tough;
2.compost;
3.fencing;
4.lute;
5.scooter;
;
1.cricketer;
2.stacking;
3.shopper;
4.bratwurst;
5.buddy;
;
1.birthday;
2.snowplow;
3.pony;
4.greek;
5.bracket;
;
1.eponym;
2.sofa;
3.chastity;
4.brush;
5.annual;
;
1.son;
2.receipt;
3.rat;
4.stock-in-trade;
5.inquiry;
;
1.assumption;
2.weeder;
3.energy;
4.teen;
5.hockey;
;
1.purse;
2.slip;
3.exile;
4.league;
5.session;
;
1.dry;
2.eurocentrism;
3.newspaper;
4.nation;
5.cushion;
;
1.care;
2.banjo;
3.routine;
4.trousers;
5.plume;
;
1.might;
2.publicity;
3.pattern;
4.tax;
5.soy;
;
1.airship;
2.combination;
3.pest;
4.replace;
5.ad;
;
1.cross-stitch;
2.manicure;
3.urn;
4.calico;
5.category;
;
1.mantel;
2.mayonnaise;
3.efficiency;
4.nut;
5.croissant;
;
1.calcification;
2.freight;
3.warden;
4.epoch;
5.walrus;
;
1.encirclement;
2.salt;
3.serve;
4.gossip;
5.milk;
;
1.detail;
2.recover;
3.sunlamp;
4.headlight;
5.resale;
;
1.garter;
2.locker;
3.mop;
4.pace;
5.carpenter;
;
1.cleat;
2.swiss;
3.antelope;
4.stage;
5.plain;
;
1.basement;
2.charge;
3.beautiful;
4.certification;
5.mug;
;
1.smuggling;
2.forearm;
3.juice;
4.turnover;
5.opossum;
;
1.status;
2.city;
3.cheque;
4.hatred;
5.highlight;
;
1.neurobiologist;
2.discussion;
3.disease;
4.kitty;
5.interactive;
;
1.possession;
2.competition;
3.wine;
4.chainstay;
5.coat;
;
1.fibre;
2.bookend;
3.barometer;
4.partridge;
5.sorrow;
;
1.sector;
2.general;
3.mouse;
4.witch;
5.nonconformist;
;
1.accelerant;
2.sky;
3.screen;
4.nightclub;
5.bonsai;
;
1.wilderness;
2.aperitif;
3.oldie;
4.basis;
5.hamburger;
;
1.reduction;
2.criminal;
3.daffodil;
4.priority;
5.location;
;
1.rectangle;
2.wharf;
3.turn;
4.depression;
5.visual;
;
1.scrim;
2.description;
3.it;
4.buffet;
5.grade;
;
1.community;
2.poem;
3.creek;
4.cauliflower;
5.earth;
;
1.skate;
2.ramie;
3.loneliness;
4.saving;
5.plot;
;
1.clause;
2.carp;
3.kitten;
4.somewhere;
5.surgeon;
;
1.stole;
2.manor;
3.edge;
4.sunday;
5.friendship;
;
1.grandmother;
2.fireman;
3.coliseum;
4.vegetable;
5.junior;
;
1.east;
2.minor;
3.spring;
4.otter;
5.consonant;
;
1.meeting;
2.impudence;
3.handsaw;
4.coinsurance;
5.lilac;
;
1.lot;
2.coffin;
3.doorknob;
4.sonnet;
5.carrot;
;
1.bill;
2.facilities;
3.racist;
4.gaffer;
5.apartment;
;
1.benefit;
2.drain;
3.barstool;
4.faucet;
5.wound;
;
1.frigate;
2.monotheism;
3.shift;
4.leverage;
5.spasm;
;
1.transportation;
2.cement;
3.contact lens;
4.signal;
5.cloakroom;
;
1.vineyard;
2.master;
3.intervenor;
4.dinghy;
5.price;
;
1.marshland;
2.peacock;
3.populist;
4.cricket;
5.ex-wife;
;
1.stepson;
2.analysis;
3.mixer;
4.adjustment;
5.arch;
;
1.north;
2.width;
3.deer;
4.rifle;
5.clipper;
;
1.jet;
2.repair;
3.menorah;
4.rheumatism;
5.heaven;
;
1.bustle;
2.trip;
3.planter;
4.outrigger;
5.foot-rest;
;
1.supply;
2.refrigerator;
3.dust storm;
4.initiative;
5.well;
;
1.iron;
2.grief;
3.economy;
4.gobbler;
5.pastry;
;
1.bullet;
2.budget;
3.shock;
4.mat;
5.jewel;
;
1.pasta;
2.staff;
3.spleen;
4.wake;
5.bayou;
;
1.physical;
2.invite;
3.pilot;
4.temple;
5.antler;
;
1.shoat;
2.school;
3.salesman;
4.necktie;
5.respond;
;
1.peacoat;
2.misplacement;
3.gliding;
4.permafrost;
5.uniform;
;
1.headrest;
2.bead;
3.main;
4.moat;
5.tramp;
;
1.curtain;
2.heat;
3.bronze;
4.detention;
5.pantry;
;
1.humor;
2.hugger;
3.pilgrimage;
4.aftershave;
5.tempo;
;
1.vermicelli;
2.tonight;
3.employ;
4.beef;
5.lady;
;
1.wall;
2.sidewalk;
3.focus;
4.stone;
5.towel;
;
1.point;
2.actor;
3.fraudster;
4.polenta;
5.self;
;
1.skull;
2.glen;
3.goal;
4.interviewer;
5.yew;
;
1.nightlight;
2.rocket-ship;
3.paw;
4.stream;
5.eyeball;
;
1.battle;
2.steam;
3.makeup;
4.pyjama;
5.locket;
;
1.bagpipe;
2.gynaecology;
3.wallet;
4.dime;
5.clock;
;
1.cross;
2.negligee;
3.infusion;
4.result;
5.other;
;
1.velvet;
2.expression;
3.refectory;
4.bad;
5.manufacturer;
;
1.distribution;
2.region;
3.development;
4.windage;
5.bite;
;
1.heirloom;
2.underpass;
3.gutter;
4.sort;
5.mess;
;
1.fire;
2.present;
3.concern;
4.skywalk;
5.destroyer;
;
1.saloon;
2.pumpkinseed;
3.numismatist;
4.cd;
5.scale;
;
1.toot;
2.lei;
3.palm;
4.art;
5.windshield;
;
1.goodbye;
2.debtor;
3.resolution;
4.unemployment;
5.leprosy;
;
1.bucket;
2.kale;
3.pianist;
4.sweats;
5.manx;
;
1.leather;
2.overclocking;
3.dolphin;
4.leaf;
5.layer;
;
1.curve;
2.commission;
3.resist;
4.xylophone;
5.bother;
;
1.ruin;
2.dump;
3.black;
4.falling-out;
5.try;
;
1.raise;
2.twig;
3.fahrenheit;
4.cat;
5.hill;
;
1.power;
2.abolishment;
3.beast;
4.crocodile;
5.membership;
;
1.runaway;
2.trench;
3.brace;
4.health;
5.earthquake;
;
1.grill;
2.jeff;
3.dill;
4.bowling;
5.cry;
;
1.let;
2.semicircle;
3.cable;
4.intestine;
5.curler;
;
1.drama;
2.foxglove;
3.geyser;
4.lawyer;
5.mosquito;
;
1.member;
2.dictaphone;
3.full;
4.dune buggy;
5.lapdog;
;
1.cocoa;
2.combine;
3.teacher;
4.spinach;
5.king;
;
1.cirrus;
2.analyst;
3.david;
4.mandarin;
5.carnation;
;
1.fortress;
2.alb;
3.bowler;
4.obedience;
5.digital;
;
1.punctuation;
2.counter-force;
3.temporary;
4.baker;
5.textbook;
;
1.hutch;
2.barium;
3.item;
4.interloper;
5.scraper;
;
1.dad;
2.vengeance;
3.business;
4.tomography;
5.review;
;
1.stomach;
2.hall;
3.tard;
4.thunderstorm;
5.sorbet;
;
1.vault;
2.sabre;
3.forgery;
4.boat-building;
5.reflection;
;
1.establishment;
2.mutt;
3.kimono;
4.bibliography;
5.harbor;
;
1.songbird;
2.vertigo;
3.synod;
4.player;
5.rayon;
;
1.gear;
2.chicory;
3.insulation;
4.canal;
5.mezzanine;
;
1.painting;
2.bottom;
3.misfit;
4.shovel;
5.heartache;
;
1.hell;
2.mile;
3.cuff-links;
4.rip;
5.astronomy;
;
1.policy;
2.alligator;
3.company;
4.cob;
5.hybridisation;
;
1.retouch;
2.payment;
3.eyeglasses;
4.chaos;
5.ese;
;
1.carry;
2.candelabra;
3.pole;
4.thing;
5.botany;
;
1.estimate;
2.communicant;
3.tiger;
4.student;
5.culture;
;
1.frown;
2.conflict;
3.hobby;
4.bake;
5.pack;
;
1.communication;
2.guide;
3.surround;
4.yarmulke;
5.invention;
;
1.natural;
2.patricia;
3.macadamia;
4.owner;
5.grand;
;
1.bug;
2.pinstripe;
3.solitaire;
4.fob;
5.fusarium;
;
1.storyboard;
2.kindness;
3.national;
4.wool;
5.maestro;
;
1.vibraphone;
2.airplane;
3.whisker;
4.sidestream;
5.eavesdropper;
;
1.acoustics;
2.beet;
3.vinyl;
4.covariate;
5.jiffy;
;
1.chit-chat;
2.golf;
3.riverbed;
4.sledge;
5.mantua;
;
1.kendo;
2.churn;
3.fishmonger;
4.handball;
5.prior;
;
1.temp;
2.fanlight;
3.improvement;
4.schizophrenic;
5.break;
;
1.plough;
2.light;
3.sidecar;
4.misogyny;
5.cephalopod;
;
1.hut;
2.alpha;
3.diaphragm;
4.airmail;
5.outfit;
;
1.tambour;
2.you;
3.softball;
4.total;
5.alcove;
;
1.metro;
2.woodwind;
3.plane;
4.hobbit;
5.scarification;
;
1.massage;
2.part;
3.cheek;
4.bottom-line;
5.hallway;
;
1.monster;
2.product;
3.trapezoid;
4.shrine;
5.gong;
;
1.girlfriend;
2.method;
3.plaster;
4.industry;
5.aftershock;
;
1.zebra;
2.violence;
3.copy;
4.lemonade;
5.ghost;
;
1.minute;
2.heart;
3.incident;
4.congo;
5.stand;
;
1.respite;
2.shorts;
3.vellum;
4.flower;
5.view;
;
1.prose;
2.poppy;
3.modem;
4.lip;
5.silkworm;
;
1.corn;
2.rod;
3.alarm;
4.eyebrows;
5.president;
;
1.acupuncture;
2.underclothes;
3.fertilizer;
4.corsage;
5.cesspool;
;
1.bench;
2.poison;
3.wisdom;
4.miter;
5.cartload;
;
1.begonia;
2.branch;
3.numeracy;
4.knot;
5.zebrafish;
;
1.keyboarding;
2.skill;
3.subcomponent;
4.vane;
5.chapel;
;
1.mover;
2.tulip;
3.engine;
4.brome;
5.personal;
;
1.convert;
2.chicken;
3.crocus;
4.physics;
5.pelican;
;
1.trolley;
2.ounce;
3.bomb;
4.buy;
5.chain;
;
1.appendix;
2.nursery;
3.marksman;
4.evaluator;
5.confirmation;
;
1.till;
2.one;
3.wedge;
4.figurine;
5.link;
;
1.deputy;
2.creator;
3.obligation;
4.toque;
5.charity;
;
1.drawbridge;
2.glockenspiel;
3.arm-rest;
4.emergence;
5.cornet;
;
1.rainstorm;
2.brown;
3.shoestring;
4.calculator;
5.funeral;
;
1.pastoralist;
2.jackal;
3.streetcar;
4.gather;
5.ruth;
;
1.professor;
2.attempt;
3.brandy;
4.enemy;
5.respect;
;
1.infancy;
2.drag;
3.hackwork;
4.work;
5.quartz;
;
1.fail;
2.feel;
3.straw;
4.labour;
5.soldier;
;
1.match;
2.lier;
3.ringworm;
4.attic;
5.tuna;
;
1.deep;
2.croup;
3.tradition;
4.clapboard;
5.grit;
;
1.wealth;
2.writing;
3.bridge;
4.goggles;
5.illegal;
;
1.blizzard;
2.soft;
3.joy;
4.recess;
5.epee;
;
1.beard;
2.open;
3.subject;
4.farm;
5.spandex;
;
1.dame;
2.father;
3.notice;
4.finish;
5.bloomers;
;
1.ton;
2.satin;
3.cyclamen;
4.beach;
5.campaign;
;
1.upper;
2.sherry;
3.plenty;
4.drug;
5.pseudoscience;
;
1.houseboat;
2.training;
3.harpsichord;
4.father-in-law;
5.terrapin;
;
1.shade;
2.geranium;
3.join;
4.history;
5.eclipse;
;
1.caravan;
2.strip;
3.package;
4.sousaphone;
5.verse;
;
1.turtle;
2.transom;
3.brood;
4.elk;
5.glass;
;
1.tsunami;
2.speaker;
3.toilet;
4.lan;
5.smell;
;
1.coast;
2.case;
3.fisting;
4.leader;
5.e-book;
;
1.biplane;
2.carol;
3.variety;
4.dogwood;
5.support;
;
1.great-grandmother;
2.swivel;
3.wedding;
4.anatomy;
5.can;
;
1.flour;
2.simple;
3.discrepancy;
4.bone;
5.drawer;
;
1.gas;
2.matter;
3.produce;
4.cursor;
5.impress;
;
1.secretary;
2.mistake;
3.suburb;
4.snowboarding;
5.eardrum;
;
1.hardhat;
2.partner;
3.sentence;
4.wetsuit;
5.stool;
;
1.medium;
2.blowhole;
3.best-seller;
4.guess;
5.alpaca;
;
1.weekender;
2.afternoon;
3.smash;
4.band;
5.lanai;
;
1.scarecrow;
2.craftsman;
3.interview;
4.private;
5.nanoparticle;
;
1.chivalry;
2.spotlight;
3.background;
4.year;
5.bamboo;
;
1.mist;
2.door;
3.jury;
4.porch;
5.ice-cream;
;
1.length;
2.diamond;
3.nexus;
4.sneakers;
5.resort;
;
1.retina;
2.nonsense;
3.stain;
4.others;
5.dud;
;
1.backdrop;
2.rope;
3.half-brother;
4.giant;
5.stadium;
;
1.staircase;
2.hops;
3.duck;
4.naturalisation;
5.preference;
;
1.associate;
2.ocelot;
3.klomps;
4.proof-reader;
5.hot-dog;
;
1.councilperson;
2.asphalt;
3.haircut;
4.baby;
5.embossing;
;
1.child;
2.lymphocyte;
3.aunt;
4.bus;
5.track;
;
1.mouton;
2.morning;
3.constellation;
4.authorisation;
5.turnip;
;
1.fratricide;
2.root;
3.spiral;
4.guarantee;
5.chimpanzee;
;
1.soup;
2.bikini;
3.sill;
4.compulsion;
5.station-wagon;
;
1.arch-rival;
2.opportunist;
3.step-daughter;
4.cutting;
5.cloth;
;
1.grab-bag;
2.quit;
3.gopher;
4.mountain;
5.youth;
;
1.skullduggery;
2.interferometer;
3.accelerator;
4.damage;
5.wraparound;
;
1.reactant;
2.fairy;
3.bid;
4.fly;
5.nylon;
;
1.truckit;
2.recognition;
3.scimitar;
4.flow;
5.robe;
;
1.miss;
2.heel;
3.pupil;
4.construction;
5.savior;
;
1.waterspout;
2.cinema;
3.ant;
4.garden;
5.guard;
;
1.toe;
2.applause;
3.zoot-suit;
4.reply;
5.lunch;
;
1.ask;
2.continent;
3.rabbi;
4.rum;
5.congressman;
;
1.suggestion;
2.direction;
3.workbench;
4.blossom;
5.violin;
;
1.anthony;
2.maple;
3.bidet;
4.move;
5.language;
;
1.major;
2.adapter;
3.parka;
4.pendant;
5.pharmacopoeia;
;
1.traffic;
2.revolution;
3.chime;
4.oncology;
5.moonshine;
;
1.astrology;
2.dryer;
3.snowmobiling;
4.specialist;
5.flat;
;
1.answer;
2.draw;
3.pvc;
4.learning;
5.pagoda;
;
1.scow;
2.storage;
3.fen;
4.increase;
5.comment;
;
1.dependent;
2.chowder;
3.n;
4.bloodflow;
5.pause;
;
1.worklife;
2.lion;
3.project;
4.software;
5.moccasins;
;
1.crayfish;
2.stroke;
3.turban;
4.word;
5.meet;
;
1.liquor;
2.adulthood;
3.twine;
4.step-father;
5.tower;
;
1.disguise;
2.endothelium;
3.mocha;
4.radiosonde;
5.vegetation;
;
1.gamma-ray;
2.bootee;
3.pinafore;
4.dimple;
5.philosophy;
;
1.show;
2.reaction;
3.winner;
4.smock;
5.effacement;
;
1.stepmother;
2.hub;
3.wad;
4.mascara;
5.dragon;
;
1.emergency;
2.ambassador;
3.millennium;
4.nurture;
5.joke;
;
1.gladiolus;
2.animal;
3.roll;
4.cod;
5.file;
;
1.horn;
2.boatload;
3.gaiters;
4.facelift;
5.steal;
;
1.principle;
2.geography;
3.event;
4.hen;
5.dresser;
;
1.poet;
2.crinoline;
3.occasion;
4.chop;
5.dignity;
;
1.gallon;
2.cabbage;
3.landmine;
4.treatment;
5.confidence;
;
1.highway;
2.hygienic;
3.procedure;
4.brushing;
5.sad;
;
1.cummerbund;
2.sink;
3.consulate;
4.accordion;
5.nurse;
;
1.oyster;
2.hypochondria;
3.base;
4.parentheses;
5.cookie;
;
1.priest;
2.hatbox;
3.squash;
4.hive;
5.daisy;
;
1.helen;
2.competitor;
3.homogenate;
4.petticoat;
5.cleric;
;
1.human;
2.network;
3.eyeliner;
4.service;
5.softening;
;
1.hydraulics;
2.segment;
3.toreador;
4.divide;
5.ethernet;
;
1.spectacle;
2.delight;
3.share;
4.hostel;
5.stylus;
;
1.enthusiasm;
2.catacomb;
3.approval;
4.principal;
5.alley;
;
1.moonscape;
2.seed;
3.birdcage;
4.fender;
5.hypothermia;
;
1.print;
2.stopwatch;
3.chub;
4.consequence;
5.cadet;
;
1.pruner;
2.clank;
3.sell;
4.pimple;
5.ashtray;
;
1.clove;
2.strait;
3.couch;
4.audience;
5.emergent;
;
1.welfare;
2.skullcap;
3.milkshake;
4.senior;
5.kamikaze;
;
1.paper;
2.ecumenist;
3.tension;
4.relative;
5.lotion;
;
1.gigantism;
2.panther;
3.signup;
4.paramedic;
5.blocker;
;
1.block;
2.courage;
3.job;
4.coil;
5.ceiling;
;
1.spank;
2.feedback;
3.problem;
4.sultan;
5.site;
;
1.good-bye;
2.fall;
3.hawk;
4.cravat;
5.delay;
;
1.believe;
2.wrestler;
3.anger;
4.relation;
5.grain;
;
1.wrecker;
2.porcupine;
3.doubling;
4.oak;
5.pillow;
;
1.engineering;
2.bowl;
3.lettuce;
4.gorilla;
5.visit;
;
1.vessel;
2.junket;
3.stack;
4.value;
5.stocking;
;
1.clam;
2.powder;
3.tip;
4.pants;
5.thumb;
;
1.ott;
2.party;
3.gram;
4.county;
5.debt;
;
1.run;
2.spy;
3.saviour;
4.inventor;
5.spray;
;
1.battery;
2.rim;
3.auditorium;
4.progress;
5.plastic;
;
1.copper;
2.cleavage;
3.helo;
4.parking;
5.backpack;
;
1.play;
2.breadcrumb;
3.sneeze;
4.character;
5.system;
;
1.save;
2.minister;
3.club;
4.influence;
5.fact;
;
1.badger;
2.toenail;
3.lasagna;
4.cook;
5.jogging;
;
1.mate;
2.netbook;
3.chauvinist;
4.strike;
5.cowbell;
;
1.rough;
2.outset;
3.position;
4.mallet;
5.digestion;
;
1.cast;
2.caddy;
3.espadrille;
4.eviction;
5.boar;
;
1.hubcap;
2.candy;
3.parsnip;
4.payee;
5.combat;
;
1.brushfire;
2.deformation;
3.lay;
4.mansard;
5.keyboard;
;
1.chalk;
2.sparrow;
3.underpants;
4.caftan;
5.legal;
;
1.production;
2.bend;
3.aspect;
4.attorney;
5.numeric;
;
1.banquette;
2.jaw;
3.workshop;
4.flintlock;
5.environment;
;
1.pepper;
2.bag;
3.bud;
4.george;
5.comradeship;
;
1.cooking;
2.oxford;
3.pedal;
4.swell;
5.specific;
;
1.employee;
2.beyond;
3.bakeware;
4.howitzer;
5.raiment;
;
1.propane;
2.writer;
3.state;
4.waiter;
5.warmth;
;
1.signature;
2.squirrel;
3.association;
4.terracotta;
5.orator;
;
1.herring;
2.nephew;
3.shelter;
4.catch;
5.kidney;
;
1.odometer;
2.contrary;
3.display;
4.holiday;
5.larch;
;
1.return;
2.steel;
3.rest;
4.goose;
5.cyclone;
;
1.tom-tom;
2.flame;
3.executor;
4.blanket;
5.blackberry;
;
1.commercial;
2.moustache;
3.lunge;
4.gland;
5.dare;
;
1.throat;
2.destiny;
3.metallurgist;
4.lead;
5.machinery;
;
1.eddy;
2.pantology;
3.rear;
4.hardboard;
5.hammer;
;
1.thorn;
2.fork;
3.icecream;
4.legging;
5.railway;
;
1.easel;
2.lathe;
3.fishnet;
4.underground;
5.pay;
;
1.octave;
2.cannon;
3.solution;
4.fix;
5.seashore;
;
1.sir;
2.hovercraft;
3.chaise;
4.satire;
5.octet;
;
1.patriot;
2.effect;
3.indication;
4.pneumonia;
5.plunger;
;
1.behavior;
2.laptop;
3.wolf;
4.crew;
5.kick-off;
;
1.island;
2.swamp;
3.air;
4.oasis;
5.tassel;
;
1.distance;
2.pard;
3.broccoli;
4.cane;
5.shoemaker;
;
1.color;
2.ranch;
3.hair;
4.fur;
5.thrill;
;
1.weekend;
2.pencil;
3.frog;
4.honeybee;
5.south;
;
1.comma;
2.riser;
3.toast;
4.editor;
5.bafflement;
;
1.leading;
2.probation;
3.woodland;
4.hippopotamus;
5.suspenders;
;
1.strategy;
2.mayor;
3.canon;
4.rugby;
5.sauce;
;
1.glut;
2.awareness;
3.muscle;
4.climb;
5.pleasure;
;
1.change;
2.anesthesiology;
3.reparation;
4.buyer;
5.housing;
;
1.appearance;
2.tow-truck;
3.steak;
4.inspector;
5.intelligence;
;
1.snob;
2.concentrate;
3.instruction;
4.difficulty;
5.piracy;
;
1.laryngitis;
2.bacon;
3.meal;
4.heart-throb;
5.oeuvre;
;
1.calf;
2.octagon;
3.mustard;
4.shoe-horn;
5.accountant;
;
1.beret;
2.sandwich;
3.chiffonier;
4.success;
5.passive;
;
1.daughter;
2.gold;
3.hour;
4.presentation;
5.timber;
;
1.department;
2.gore-tex;
3.minor-league;
4.crystallography;
5.craft;
;
1.jaguar;
2.brother;
3.hydrant;
4.macrame;
5.mercury;
;
1.casserole;
2.keystone;
3.cartoon;
4.passenger;
5.raffle;
;
1.role;
2.anethesiologist;
3.mail;
4.pump;
5.domain;
;
1.hope;
2.talk;
3.kilogram;
4.tourist;
5.cabana;
;
1.ballet;
2.weight;
3.farmer;
4.sash;
5.iris;
;
1.constant;
2.rider;
3.data;
4.original;
5.stuff;
;
1.swimsuit;
2.quilt;
3.dish;
4.oxen;
5.tintype;
;
1.bathroom;
2.stair;
3.chug;
4.velodrome;
5.barber;
;
1.ascot;
2.gelding;
3.bestseller;
4.fluke;
5.pajamas;
;
1.belief;
2.marxism;
3.tire;
4.pantyhose;
5.fedora;
;
1.clogs;
2.circulation;
3.fog;
4.slice;
5.prompt;
;
1.monasticism;
2.mall;
3.big;
4.sheet;
5.icebreaker;
;
1.spelling;
2.cutover;
3.bat;
4.yarn;
5.rise;
;
1.fridge;
2.dessert;
3.potty;
4.blank;
5.hay;
;
1.flesh;
2.drill;
3.snail;
4.zoologist;
5.sweatsuit;
;
1.coin;
2.analogue;
3.floozie;
4.travel;
5.robin;
;
1.amendment;
2.rent;
3.button;
4.spruce;
5.space;
;
1.sombrero;
2.blouse;
3.front;
4.broom;
5.slime;
;
1.pawnshop;
2.anybody;
3.duckling;
4.bee;
5.proposal;
;
1.promotion;
2.ovary;
3.knitting;
4.text;
5.beech;
;
1.samurai;
2.granny;
3.supporter;
4.pince-nez;
5.flytrap;
;
1.sustainment;
2.slipper;
3.zampone;
4.ephemeris;
5.fault;
;
1.racer;
2.rose;
3.most;
4.van;
5.wing;
;
1.estuary;
2.hearing;
3.calculation;
4.contact;
5.shelf;
;
1.ziggurat;
2.correspondent;
3.sociology;
4.feed;
5.sunbonnet;
;
1.penicillin;
2.catamaran;
3.profile;
4.spark;
5.accommodation;
;
1.kilt;
2.instance;
3.slippers;
4.texture;
5.territory;
;
1.mechanic;
2.composer;
3.instrumentation;
4.policeman;
5.lumberman;
;
1.dressing;
2.manhunt;
3.pheasant;
4.raccoon;
5.address;
;
1.paste;
2.saxophone;
3.silo;
4.norse;
5.bird;
;
1.yin;
2.pinto;
3.goat;
4.bloom;
5.agreement;
;
1.teaching;
2.common;
3.cost;
4.spite;
5.press;
;
1.jeans;
2.costume;
3.surname;
4.shed;
5.bobcat;
;
1.nerve;
2.dromedary;
3.click;
4.incandescence;
5.side;
;
1.hail;
2.picket;
3.trachoma;
4.pea;
5.mini-skirt;
;
1.pollution;
2.rail;
3.spaghetti;
4.belfry;
5.cicada;
;
1.storm;
2.speedboat;
3.soda;
4.client;
5.clover;
;
1.prison;
2.briefs;
3.collar;
4.doorpost;
5.thomas;
;
1.observatory;
2.weakness;
3.discovery;
4.ophthalmologist;
5.slider;
;
1.shakedown;
2.irony;
3.architecture;
4.hot;
5.nest;
;
1.trailer;
2.union;
3.tent;
4.phrase;
5.mambo;
;
1.slapstick;
2.hat;
3.water;
4.senator;
5.thermals;
;
1.kilometer;
2.book;
3.slave;
4.pickax;
5.bath;
;
1.caboose;
2.tutu;
3.gale;
4.freezer;
5.pike;
;
1.earplug;
2.path;
3.confectionery;
4.oven;
5.comfort;
;
1.blueberry;
2.low;
3.monitor;
4.selection;
5.declination;
;
1.parade;
2.hand-holding;
3.mole;
4.reef;
5.stepdaughter;
;
1.azimuth;
2.pet;
3.fragrance;
4.producer;
5.injury;
;
1.pimp;
2.top;
3.broad;
4.sage;
5.roast;
;
1.floor;
2.somersault;
3.step-sister;
4.limit;
5.plowman;
;
1.gem;
2.tripod;
3.current;
4.importance;
5.white;
;
1.paddock;
2.shark;
3.shopping;
4.meat;
5.ear;
;
1.exam;
2.woodshed;
3.date;
4.resident;
5.tail;
;
1.dew;
2.news;
3.charles;
4.tank;
5.almanac;
;
1.codpiece;
2.nutrition;
3.corral;
4.beaver;
5.cop-out;
;
1.teletype;
2.mouser;
3.throne;
4.wrist;
5.memory;
;
1.food;
2.permission;
3.babe;
4.blackboard;
5.pha;
;
1.post;
2.conclusion;
3.hunt;
4.reference;
5.fence;
;
1.schedule;
2.menu;
3.balcony;
4.helium;
5.clef;
;
1.topsail;
2.meteorology;
3.innocent;
4.felony;
5.code;
;
1.driving;
2.tic;
3.smelting;
4.cascade;
5.paint;
;
1.ice;
2.rhinoceros;
3.lie;
4.hole;
5.good;
;
1.emotion;
2.opportunity;
3.twist;
4.driveway;
5.step-grandfather;
;
1.eight;
2.step-mother;
3.dwarf;
4.brooch;
5.disgust;
;
1.multimedia;
2.fiction;
3.torso;
4.man;
5.regret;
;
1.flag;
2.blade;
3.long;
4.psychologist;
5.revenue;
;
1.liquid;
2.armadillo;
3.periodical;
4.seaplane;
5.river;
;
1.booty;
2.shawl;
3.yawl;
4.laundry;
5.burn-out;
;
1.clavicle;
2.drum;
3.edger;
4.pigeon;
5.garlic;
;
1.authorization;
2.armchair;
3.wafer;
4.salmon;
5.task;
;
1.plant;
2.daniel;
3.transition;
4.accident;
5.shred;
;
1.lentil;
2.lemon;
3.cabinet;
4.flu;
5.shearling;
;
1.junk;
2.rock;
3.reading;
4.childhood;
5.torchiere;
;
1.shaker;
2.math;
3.galley;
4.wheel;
5.tosser;
;
1.content;
2.elixir;
3.motorcycle;
4.mom;
5.corner;
;
1.netsuke;
2.dhow;
3.red;
4.spiritual;
5.advice;
;
1.yogurt;
2.drink;
3.cough;
4.pioneer;
5.anklet;
;
1.pillbox;
2.growth;
3.lap;
4.chairperson;
5.postage;
;
1.mimosa;
2.equivalent;
3.atelier;
4.livestock;
5.film;
;
1.actress;
2.crackers;
3.unity;
4.user;
5.herb;
;
1.theater;
2.calendar;
3.mound;
4.ethics;
5.vase;
;
1.skirt;
2.corduroy;
3.hip;
4.councilman;
5.pouch;
;
1.final;
2.electricity;
3.panty;
4.suspect;
5.stamen;
;
1.yesterday;
2.shake;
3.snowsuit;
4.intestines;
5.class;
;
1.guilty;
2.booster;
3.count;
4.feather;
5.brilliant;
;
1.hobbies;
2.thanks;
3.nicety;
4.veal;
5.beginning;
;
1.topic;
2.bankbook;
3.coal;
4.literature;
5.nondisclosure;
;
1.beer;
2.surfboard;
3.alto;
4.vibe;
5.chord;
;
1.pegboard;
2.wholesaler;
3.marimba;
4.issue;
5.knight;
;
1.codon;
2.berry;
3.race;
4.futon;
5.turkish;
;
1.tap;
2.pitching;
3.acoustic;
4.bail;
5.reserve;
;
1.;
2.dig;
3.recommendation;
4.lynx;
5.familiar;
;
1.canoe;
2.addiction;
3.deviance;
4.reminder;
5.veil;
;
1.definition;
2.car;
3.cappuccino;
4.pendulum;
5.mitten;
;
1.afterthought;
2.analogy;
3.sheath;
4.orchard;
5.hardcover;
;
1.stumbling;
2.employer;
3.logic;
4.pronunciation;
5.pyramid;
;
1.spume;
2.mailbox;
3.spur;
4.inch;
5.crack;
;
1.fox;
2.score;
3.spoon;
4.opinion;
5.gallery;
;
1.disembodiment;
2.burst;
3.marsh;
4.git;
5.station;
;
1.nudge;
2.office;
3.undershirt;
4.significance;
5.tracksuit;
;
1.dickey;
2.james;
3.knife;
4.avenue;
5.workhorse;
;
1.compassion;
2.parallelogram;
3.lizard;
4.villa;
5.possible;
;
1.happiness;
2.filly;
3.go;
4.washcloth;
5.microwave;
;
1.aglet;
2.sweat;
3.den;
4.shadowbox;
5.oboe;
;
1.designer;
2.money;
3.particle;
4.omega;
5.celeste;
;
1.alcohol;
2.sprinter;
3.mention;
4.celeriac;
5.rambler;
;
1.painter;
2.addition;
3.doubt;
4.octavo;
5.heavy;
;
1.remote;
2.pew;
3.time;
4.brass;
5.pineapple;
;
1.skiing;
2.cold;
3.stop;
4.crime;
5.response;
;
1.understanding;
2.diet;
3.moment;
4.lantern;
5.lemur;
;
1.suitcase;
2.ridge;
3.sack;
4.lawsuit;
5.spell;
;
1.tissue;
2.boxer;
3.effective;
4.cotton;
5.investment;
;
1.depressive;
2.schnitzel;
3.earthworm;
4.hydrofoil;
5.register;
;
1.ruffle;
2.burglar;
3.avalanche;
4.scanner;
5.decimal;
;
1.whistle;
2.prince;
3.ravioli;
4.tone;
5.carrier;
;
1.day;
2.command;
3.anagram;
4.convection;
5.authority;
;
1.recording;
2.battleship;
3.royal;
4.swan;
5.motorcar;
;
1.broker;
2.archeology;
3.newsprint;
4.concept;
5.author;
;
1.pastor;
2.relaxation;
3.today;
4.kangaroo;
5.middleman;
;
1.turnstile;
2.checkroom;
3.truck;
4.iridescence;
5.faculty;
;
1.worry;
2.extreme;
3.cheetah;
4.visor;
5.councilor;
;
1.exhaust;
2.pin;
3.hand;
4.spacing;
5.lumber;
;
1.purchase;
2.option;
3.maiden;
4.spike;
5.quadrant;
